time,mag1,mag2,mag3,mag4,mag5,mag6,mag7,mag8
1599152753.2268288,1,2,3,4,5,6,7,8
2.078023910522461,765,732,746,735,792,826,799,767
2.1790404319763184,767,733,748,737,793,827,802,769
2.2821130752563477,768,734,748,738,796,829,802,771
2.3844730854034424,770,735,751,739,798,830,803,770
2.4869320392608643,772,737,751,742,797,831,802,771
2.589317798614502,773,739,753,742,798,831,805,773
2.6914305686950684,774,741,754,743,800,836,806,774
2.7935359477996826,775,741,757,744,801,836,807,775
2.8964998722076416,776,742,756,746,803,836,808,776
2.998983383178711,778,744,759,747,805,837,810,777
3.1013782024383545,779,746,760,750,807,840,813,779
3.2037465572357178,780,747,762,751,809,840,813,780
3.3059067726135254,780,749,762,751,810,841,815,783
3.4045536518096924,785,750,763,753,810,842,815,782
3.5069267749786377,787,750,765,754,811,845,817,783
3.6090619564056396,785,752,766,755,812,845,820,784
3.710904598236084,789,753,769,756,813,847,819,788
3.8136191368103027,790,753,768,757,815,849,821,787
3.9167563915252686,791,754,768,759,815,849,822,789
4.018378257751465,793,755,771,759,816,850,823,790
4.1210432052612305,793,757,772,762,818,850,824,793
4.223962068557739,794,757,773,764,819,851,826,792
4.32615065574646,795,758,774,764,821,853,826,792
4.4283294677734375,797,758,774,765,821,854,828,793
4.5303754806518555,798,759,777,767,824,855,830,795
4.633925199508667,797,760,776,767,823,856,830,797
4.7365639209747314,798,759,777,767,824,857,830,799
4.838346481323242,799,759,778,768,824,857,832,797
4.940757989883423,799,761,778,768,825,857,830,797
5.0429394245147705,800,759,779,770,825,858,831,798
5.1449785232543945,801,761,780,769,826,859,833,797
5.247453689575195,802,761,781,770,826,860,835,797
5.349674940109253,802,764,782,770,827,861,835,798
5.448943138122559,804,762,783,772,828,861,833,798
5.551059007644653,805,764,784,774,832,862,834,799
5.653555154800415,806,765,784,774,830,863,836,799
5.755361795425415,807,767,787,774,831,863,836,801
5.8580992221832275,810,769,788,775,832,865,837,801
5.960806846618652,811,770,788,776,834,865,838,803
6.063026666641235,813,771,787,777,834,867,840,804
6.165062665939331,814,773,790,778,834,869,839,804
6.268095016479492,814,774,791,780,835,868,841,805
6.369758129119873,817,776,791,779,836,869,843,806
6.472901344299316,818,777,793,781,838,870,842,807
6.575048446655273,819,779,794,781,838,870,844,806
6.676929712295532,820,780,795,782,839,872,845,809
6.779826641082764,823,782,796,782,841,872,845,810
6.882137775421143,824,783,797,783,842,874,845,810
6.984213590621948,826,784,800,784,843,874,847,813
7.08727502822876,826,784,799,786,843,874,846,813
7.189346551895142,826,787,800,789,845,878,848,813
7.291318655014038,828,786,801,788,846,876,848,816
7.393819093704224,830,787,802,787,847,877,849,815
7.492983341217041,828,788,803,790,847,878,851,818
7.595022916793823,833,788,804,790,850,879,851,817
7.697566032409668,831,790,805,793,849,880,853,817
7.800007343292236,833,792,806,792,852,880,853,817
7.902316093444824,834,792,808,793,851,881,855,820
8.004271268844604,834,792,807,796,851,881,854,821
8.10724687576294,836,793,808,796,852,882,855,819
8.209468126296997,836,795,810,796,852,884,857,819
8.311560869216919,837,795,809,797,854,884,857,820
8.414286851882935,837,796,810,797,855,886,858,821
8.51668906211853,838,796,810,799,856,883,860,821
8.619035482406616,840,798,811,798,858,885,859,821
8.721197605133057,840,796,812,798,855,885,862,822
8.823951005935669,841,797,813,799,856,886,860,822
8.92608094215393,841,797,813,798,858,885,860,824
9.028227806091309,842,797,813,799,857,889,861,821
9.130924701690674,843,797,815,799,859,887,862,823
9.2328360080719,843,798,815,800,858,887,862,823
9.3359375,843,798,816,799,859,890,862,823
9.438513040542603,844,799,815,800,858,888,862,825
9.536560773849487,845,799,818,800,860,889,862,824
9.638352394104004,846,799,817,802,860,888,864,823
9.741313219070435,847,800,818,801,860,889,862,824
9.844038963317871,847,800,818,802,861,889,862,823
9.946270227432251,847,801,820,803,861,890,862,823
10.049136400222778,848,801,819,803,862,891,865,822
10.151347875595093,849,803,819,804,861,892,863,822
10.253208637237549,850,802,820,804,861,893,863,821
10.35619330406189,853,803,819,804,862,894,863,821
10.458038330078125,852,803,821,805,863,892,864,822
10.560908079147339,852,804,821,807,863,893,864,821
10.663163423538208,853,806,822,806,864,894,865,822
10.765885591506958,854,806,821,805,864,894,863,821
10.867947101593018,855,807,823,806,865,892,867,822
10.970612287521362,856,808,823,806,866,895,865,822
11.073109865188599,856,808,823,808,866,893,866,821
11.175297498703003,857,808,823,806,867,895,866,820
11.277326107025146,856,807,822,806,867,894,864,819
11.379808902740479,857,808,822,805,867,895,865,819
11.4824857711792,858,807,822,805,866,893,866,818
11.580967426300049,856,807,822,804,867,894,863,818
11.683248043060303,858,807,822,803,866,895,865,816
11.785362243652344,858,808,825,806,866,896,866,818
11.887805700302124,857,809,824,806,869,895,867,817
11.990641355514526,859,810,825,807,866,896,867,820
12.092374086380005,860,811,826,808,868,899,868,820
12.1951003074646,858,812,827,809,872,898,868,819
12.297821760177612,859,812,827,811,869,897,870,822
12.3993980884552,859,813,828,811,871,897,870,821
12.502121925354004,861,812,828,811,871,899,870,821
12.605376482009888,860,815,829,812,873,899,870,824
12.707788467407227,861,814,829,814,871,899,870,821
12.809340953826904,862,813,829,814,873,899,871,822
12.912066221237183,861,816,829,814,872,901,869,821
13.014327049255371,863,815,830,814,874,900,870,823
13.117321252822876,863,816,830,813,874,900,870,823
13.21963882446289,864,816,830,813,875,899,872,825
13.321336507797241,861,816,832,814,873,901,872,824
13.424062013626099,863,815,834,814,874,904,873,824
13.526447772979736,864,815,832,815,874,904,872,825
13.624187707901001,863,817,832,814,874,901,874,827
13.726963520050049,864,816,832,815,874,904,875,826
13.829640865325928,864,817,835,816,875,902,875,826
13.932363271713257,865,818,832,815,875,902,874,827
14.034130573272705,863,819,833,816,874,902,877,828
14.13717269897461,866,818,834,818,876,904,875,827
14.239573001861572,864,818,833,819,874,903,877,830
14.341248035430908,864,819,835,817,876,903,876,829
14.444414615631104,864,818,835,817,876,903,877,830
14.54698371887207,864,819,834,817,875,905,878,829
14.648880958557129,867,818,834,816,877,904,878,830
14.751666069030762,864,817,834,816,878,904,880,831
14.853307485580444,864,818,832,815,877,906,879,834
14.956034660339355,864,818,833,815,877,906,878,832
15.059189081192017,866,818,832,815,876,905,878,832
15.161248922348022,864,818,832,815,876,906,878,832
15.263655185699463,863,818,833,815,877,905,877,830
15.366095542907715,864,820,832,814,877,906,877,833
15.468143701553345,865,818,834,814,876,905,878,830
15.570824146270752,865,818,832,816,877,905,879,830
15.668726444244385,864,817,831,814,876,906,878,828
15.771731615066528,864,816,832,813,876,905,878,827
15.873625040054321,864,816,830,815,877,904,876,828
15.976510524749756,863,816,831,812,876,904,876,828
16.07887864112854,865,815,830,813,876,904,876,827
16.18127942085266,865,818,830,813,876,904,875,826
16.28304123878479,865,818,831,814,874,907,875,824
16.38608980178833,866,816,830,815,876,904,875,823
16.4879367351532,869,817,831,815,874,906,873,824
16.5910587310791,867,818,831,815,876,906,875,823
16.693337440490723,867,817,831,816,875,906,873,824
16.795726776123047,867,818,834,815,875,906,874,823
16.897717237472534,867,818,832,816,876,905,873,823
17.00034809112549,867,819,834,816,876,908,873,824
17.102272033691406,869,820,835,815,876,907,872,824
17.205323457717896,869,820,833,815,879,905,872,824
17.30747652053833,869,821,834,816,877,908,871,824
17.409395694732666,872,821,835,817,877,906,873,824
17.512404918670654,872,824,836,817,878,907,873,824
17.615500450134277,873,823,837,817,879,907,874,826
17.71353244781494,874,823,840,819,880,907,875,827
17.815688610076904,874,825,839,820,880,908,875,828
17.917848348617554,877,825,840,820,880,909,876,829
18.019831657409668,876,828,840,822,879,909,877,830
18.12319564819336,876,827,841,822,881,909,877,831
18.225404977798462,876,828,842,823,882,909,877,832
18.327483415603638,875,830,842,824,884,909,878,834
18.43020796775818,876,831,843,825,882,910,880,833
18.53256583213806,876,829,844,826,883,909,880,834
18.635030031204224,874,829,845,825,884,910,881,835
18.736860036849976,876,829,845,826,884,912,881,835
18.839804649353027,875,828,845,825,887,912,881,837
18.941659450531006,874,828,844,825,885,911,883,838
19.044615268707275,874,827,844,825,885,914,882,838
19.147135734558105,874,828,845,825,885,911,881,839
19.24936270713806,875,828,845,826,886,912,882,838
19.35259985923767,876,829,845,826,885,911,881,837
19.454180240631104,876,831,846,826,885,913,882,837
19.556056022644043,875,831,846,826,886,912,881,841
19.659080266952515,878,831,847,826,889,913,882,839
19.757669687271118,878,831,847,827,887,913,885,840
19.85951280593872,879,833,849,827,887,915,883,840
19.962197065353394,879,834,849,828,885,914,883,839
20.064683198928833,880,835,850,828,886,916,884,840
20.16683292388916,880,836,849,830,887,915,884,841
20.269158840179443,879,835,850,829,888,914,883,840
20.371532201766968,883,836,851,830,888,914,887,840
20.47440814971924,882,836,851,830,889,915,885,841
20.576624870300293,882,837,853,831,889,916,885,842
20.67885708808899,883,838,852,831,889,915,887,842
20.780951023101807,883,839,854,832,889,916,885,843
20.88418197631836,883,839,853,832,889,916,885,844
20.986308574676514,883,839,855,832,891,916,885,845
21.08858060836792,884,839,854,832,889,917,886,845
21.190640687942505,882,840,854,833,890,918,886,844
21.293606758117676,881,840,855,832,889,917,886,845
21.395342588424683,883,838,855,832,889,917,888,844
21.497556924819946,881,839,855,832,889,917,889,844
21.600804090499878,881,838,855,832,890,918,888,845
21.702683210372925,881,839,856,833,890,918,888,844
21.801256895065308,880,839,856,832,890,918,887,844
21.90446901321411,880,840,855,831,891,918,889,845
22.006723642349243,879,837,856,831,890,917,888,845
22.108688831329346,878,837,856,831,890,918,889,845
22.211318492889404,879,836,856,829,890,918,887,845
22.313368320465088,878,838,854,832,889,918,887,846
22.41560411453247,877,837,857,830,889,919,889,846
22.518695831298828,879,838,856,830,890,919,888,846
22.62053871154785,877,839,856,831,890,921,888,846
22.722866535186768,878,841,858,830,891,919,889,848
22.82513403892517,879,840,857,831,892,919,890,847
22.92862892150879,878,840,859,831,892,921,890,849
23.030563592910767,877,840,860,832,892,920,890,849
23.13284134864807,878,840,859,833,894,920,892,849
23.235515117645264,879,841,860,832,893,922,892,850
23.33807110786438,880,841,860,835,894,921,895,852
23.440154314041138,881,842,860,835,896,922,893,852
23.541901350021362,880,841,860,833,897,922,893,852
23.6449077129364,880,844,861,835,895,923,895,853
23.746672868728638,881,845,863,836,895,923,896,855
23.84592032432556,882,847,861,835,895,923,896,854
23.94814944267273,882,846,862,835,897,926,895,855
24.050580739974976,882,846,865,837,897,925,899,856
24.152870416641235,885,847,864,837,898,924,897,856
24.254880905151367,883,846,864,838,898,925,897,856
24.357191562652588,882,847,866,839,898,926,898,859
24.46042013168335,886,847,865,839,898,925,899,858
24.562575578689575,883,848,868,840,900,925,899,860
24.664499282836914,885,849,866,841,900,926,899,858
24.767362117767334,887,849,866,841,900,927,900,858
24.8697669506073,885,850,867,841,899,925,900,859
24.972880363464355,886,849,867,845,900,926,900,859
25.0739586353302,886,850,867,843,901,926,901,860
25.1771137714386,888,851,868,842,902,926,902,860
25.278890132904053,888,851,868,843,901,927,902,859
25.38144588470459,887,852,869,843,901,927,902,859
25.484347820281982,887,852,869,843,901,927,902,860
25.58663320541382,888,852,869,844,902,927,902,860
25.68837857246399,887,851,872,843,902,927,904,860
25.791374683380127,887,852,870,843,902,927,901,860
25.889092922210693,886,851,870,843,901,927,903,861
25.992112159729004,887,851,869,844,902,928,903,861
26.09468984603882,886,850,871,843,902,927,903,862
26.197068691253662,886,850,868,844,902,927,903,861
26.30005931854248,888,851,868,842,901,929,903,860
26.401738166809082,885,849,867,843,901,931,902,861
26.504590272903442,886,849,867,843,902,928,902,860
26.607417345046997,884,849,867,842,901,928,900,860
26.709060430526733,886,849,867,844,902,928,901,859
26.811211347579956,889,849,866,842,901,929,901,860
26.91365146636963,886,847,867,842,899,928,902,859
27.016489028930664,885,850,867,842,901,928,901,860
27.11839723587036,885,847,867,842,901,927,901,862
27.221110820770264,885,849,865,840,900,928,902,859
27.323363304138184,884,847,867,841,902,928,899,859
27.425936698913574,887,847,866,840,902,927,900,859
27.52796244621277,885,847,866,841,902,927,900,859
27.630269289016724,885,849,867,840,901,927,900,860
27.733161687850952,885,847,867,840,903,928,901,860
27.835160970687866,883,848,867,841,900,928,901,861
27.933265686035156,886,848,868,841,904,928,901,860
28.03637957572937,887,849,868,841,903,927,901,861
28.138843536376953,886,850,868,841,902,927,902,860
28.24091386795044,886,850,868,842,905,928,904,861
28.34366488456726,888,851,869,842,904,930,902,862
28.445597410202026,885,851,869,844,905,929,901,861
28.54839515686035,884,851,870,843,904,929,904,861
28.65040946006775,885,851,869,844,904,929,903,862
28.7525737285614,884,851,869,842,904,929,904,862
28.855736255645752,885,850,868,843,904,930,903,862
28.957815885543823,885,850,868,843,904,930,901,862
29.05989933013916,885,850,868,844,903,929,901,862
29.16290044784546,884,850,870,844,905,929,901,861
29.26463484764099,885,851,869,845,904,930,902,861
29.36758804321289,887,852,871,844,905,930,905,861
29.46987748146057,886,853,870,846,905,930,902,863
29.571599006652832,887,854,871,846,905,931,901,861
29.674540519714355,887,853,871,847,906,930,903,863
29.777364253997803,887,855,872,847,905,932,903,863
29.87907075881958,887,855,874,848,907,931,903,863
29.97804045677185,888,857,873,848,906,932,904,865
30.079883337020874,888,855,873,849,905,931,904,863
30.182780504226685,889,856,875,849,907,931,905,863
30.28527069091797,891,856,876,849,907,931,905,864
30.38728642463684,890,857,874,850,907,931,905,864
30.489933013916016,890,857,875,850,907,932,905,865
30.592034816741943,891,860,874,851,908,934,905,866
30.6950581073761,892,858,876,851,909,936,907,866
30.797001600265503,890,859,878,851,908,933,907,866
30.899754524230957,892,860,876,852,911,933,906,865
31.001782417297363,891,860,877,855,908,935,908,867
31.104013442993164,893,860,877,853,909,934,909,868
31.207106828689575,893,859,878,855,910,935,907,869
31.309343576431274,894,860,878,856,911,935,906,869
31.410988092422485,893,860,880,855,912,935,908,868
31.513996362686157,894,861,879,856,912,935,909,869
31.616227865219116,895,862,879,856,912,938,908,869
31.71899390220642,896,862,879,857,912,938,910,870
31.821410655975342,896,863,879,857,913,935,910,870
31.92381501197815,896,863,880,857,912,939,909,871
32.0221905708313,897,862,880,857,914,935,910,870
32.12418508529663,896,861,881,859,913,936,910,871
32.22696328163147,896,863,880,858,913,937,910,871
32.32953143119812,898,863,882,857,913,935,911,871
32.43160557746887,901,861,882,858,914,936,910,871
32.533364057540894,897,863,883,858,914,939,911,871
32.63669776916504,899,864,882,860,913,937,910,870
32.73915243148804,899,864,882,859,914,937,909,872
32.842130184173584,897,863,881,860,914,936,911,871
32.9431312084198,897,863,881,859,915,937,912,872
33.0462486743927,896,863,881,860,914,938,912,872
33.14840006828308,895,864,881,860,914,937,913,873
33.25043702125549,896,863,882,861,917,937,913,872
33.35334658622742,895,863,881,861,914,937,912,873
33.45545053482056,895,862,879,861,917,937,911,873
33.55829167366028,895,863,880,861,914,936,912,873
33.66065502166748,896,864,881,862,914,936,912,872
33.76236391067505,896,863,880,861,915,936,910,872
33.86550760269165,895,864,880,860,913,937,909,871
33.96774697303772,893,863,879,862,913,935,910,870
34.065813302993774,895,862,880,860,914,937,909,871
34.16809821128845,894,863,879,861,913,936,908,869
34.27106857299805,894,861,880,862,912,936,908,868
34.37325191497803,893,862,878,860,912,936,907,868
34.47589135169983,894,859,878,859,911,935,907,867
34.57790470123291,894,861,878,859,910,935,908,868
34.68030023574829,893,860,879,858,911,935,907,865
34.783485651016235,893,860,877,859,911,936,906,866
34.88621950149536,894,860,878,858,911,937,906,865
34.98782467842102,894,860,876,859,912,935,907,864
35.09089493751526,893,859,876,858,911,937,906,864
35.192752838134766,894,860,876,856,911,935,907,865
35.29504942893982,896,861,877,858,911,937,906,864
35.39711809158325,894,860,877,859,913,935,905,863
35.499669551849365,896,860,879,857,913,935,906,863
35.60192060470581,899,861,877,858,911,935,905,865
35.70405602455139,897,861,877,858,911,935,907,864
35.807029724121094,898,863,878,858,913,935,908,864
35.90876340866089,899,862,879,860,914,937,908,865
36.0121533870697,898,863,879,860,914,939,909,866
36.11049675941467,899,864,881,859,915,937,909,867
36.21299195289612,900,866,879,860,913,938,910,866
36.31506872177124,898,865,880,861,914,939,910,868
36.418230295181274,898,867,881,861,913,938,910,867
36.51996183395386,899,866,881,861,915,937,909,868
36.622191429138184,899,864,882,862,914,940,910,869
36.72482252120972,899,864,881,861,916,936,910,870
36.82724142074585,898,864,879,860,915,938,910,869
36.92959451675415,898,862,879,859,915,939,909,869
37.03145718574524,898,862,882,857,914,937,909,868
37.13434338569641,896,862,879,858,915,937,911,870
37.23660492897034,896,861,877,859,915,938,909,867
37.33947801589966,898,860,877,857,913,936,909,866
37.44156622886658,897,860,877,856,913,937,908,866
37.543896198272705,897,861,879,856,913,936,907,867
37.647279024124146,897,861,877,855,913,937,908,868
37.74893569946289,898,861,877,857,912,938,907,865
37.85134196281433,898,861,879,855,915,938,908,867
37.953685998916626,898,861,877,856,914,937,906,866
38.05567765235901,898,861,876,855,914,940,910,865
38.154435873031616,898,859,877,854,912,938,909,865
44.38900899887085,880,837,858,833,904,929,894,852
44.491487979888916,883,836,858,833,904,929,895,849
44.59472680091858,884,836,860,834,902,928,895,850
44.696691036224365,880,837,860,833,902,929,894,850
44.79918384552002,881,837,859,835,904,931,893,848
44.901119232177734,882,838,860,836,906,928,893,847
45.00357937812805,884,839,862,837,904,930,894,846
45.1058087348938,884,840,859,837,904,928,894,847
45.208611726760864,884,840,861,838,904,930,896,847
45.3106472492218,884,842,862,840,906,929,895,846
45.413328647613525,885,843,861,840,907,930,894,846
45.5153911113739,886,842,861,841,906,931,895,845
45.617671251297,884,842,861,840,908,932,895,844
45.7204110622406,885,842,860,837,905,930,894,843
45.8222119808197,884,841,860,836,907,931,894,844
45.92477822303772,884,840,861,835,905,928,893,843
46.027435541152954,884,839,858,838,903,929,893,843
46.12963318824768,883,839,857,836,902,928,892,841
46.23243713378906,881,837,855,832,902,928,892,841
46.330721616744995,880,835,854,832,901,928,891,839
46.4327392578125,881,833,854,831,901,928,890,839
46.53563714027405,879,833,852,830,899,930,889,839
46.63777685165405,879,833,850,829,899,927,888,838
46.74073839187622,877,829,849,827,897,926,888,836
46.84313368797302,876,828,848,824,895,925,885,833
46.94509506225586,875,829,846,825,895,924,884,832
47.047966718673706,876,827,848,824,894,922,882,830
47.15049982070923,876,827,847,823,892,921,882,829
47.252779483795166,877,827,846,823,892,922,882,829
47.355432987213135,878,827,848,822,893,923,883,830
47.45784616470337,877,827,847,825,893,922,883,830
47.55933594703674,879,829,850,825,893,923,883,830
47.66236591339111,879,830,849,827,895,923,883,831
47.76535177230835,879,832,851,828,895,924,885,832
47.867533922195435,881,831,851,828,895,923,886,833
47.97024083137512,880,834,853,830,895,924,886,834
48.071566581726074,881,834,853,830,896,924,887,836
48.17437505722046,881,833,855,829,898,925,887,838
48.277029037475586,881,832,853,830,897,925,888,837
48.3748676776886,880,833,853,830,897,925,887,838
48.47685647010803,880,832,853,828,896,925,887,837
48.57993745803833,881,830,851,827,896,926,886,837
48.68215727806091,881,830,850,827,896,924,886,835
48.78502440452576,879,829,850,826,893,924,884,835
48.88717269897461,879,829,851,825,895,924,884,835
48.98958611488342,880,829,852,824,894,922,883,834
49.09193015098572,880,830,850,825,894,923,882,833
49.19442272186279,880,830,850,825,893,923,884,832
49.29634618759155,883,830,850,825,893,923,882,831
49.39909887313843,880,831,852,824,893,923,883,834
49.50105953216553,882,831,850,825,893,925,883,834
49.60335946083069,883,832,850,825,893,923,883,834
49.70624399185181,883,833,850,827,892,923,884,832
49.80896854400635,883,833,849,825,892,922,883,833
49.91100335121155,883,832,850,824,892,922,882,831
50.013272762298584,882,831,848,823,891,921,884,833
50.115224838256836,885,832,848,823,892,922,882,833
50.217604637145996,884,831,849,823,893,922,881,832
50.32043266296387,887,833,851,824,893,923,882,832
50.41975212097168,885,835,852,825,893,923,883,835
50.52158498764038,885,835,853,825,893,923,884,835
50.62355065345764,885,836,853,825,894,923,885,836
50.72631764411926,885,837,853,826,894,924,885,838
50.828993797302246,885,836,855,827,895,925,887,838
50.931151151657104,885,837,855,827,896,926,886,838
51.03336834907532,886,838,857,827,896,925,888,839
51.135255575180054,887,839,858,828,895,925,889,839
51.23887062072754,887,839,859,829,898,924,889,840
51.34102177619934,885,838,857,827,897,925,888,841
51.44316482543945,885,836,856,828,896,925,889,841
51.54634761810303,886,837,855,827,896,924,889,841
51.64847159385681,885,835,855,827,895,924,888,842
51.750823736190796,884,836,854,827,896,927,888,840
51.85341429710388,884,836,855,828,896,924,887,841
51.95524621009827,884,838,854,827,894,925,890,841
52.058104038238525,885,835,856,828,896,924,888,842
52.159836769104004,884,836,855,829,895,924,888,842
52.26220703125,886,837,856,829,895,926,889,843
52.36500310897827,882,835,858,828,894,926,889,844
52.463969707489014,882,835,855,828,895,923,888,841
52.56519818305969,881,833,855,828,894,923,887,842
52.66817378997803,881,832,854,827,894,922,887,840
52.7703058719635,880,833,854,827,894,923,886,839
52.87226462364197,880,833,854,827,893,924,886,839
52.97548031806946,880,834,855,827,893,924,886,839
53.07823348045349,881,834,855,828,894,922,885,839
53.180171489715576,879,833,855,828,894,923,885,839
53.28256297111511,882,833,854,827,895,923,887,837
53.38566589355469,879,833,854,826,894,924,886,836
53.48753619194031,880,831,852,827,893,922,884,835
53.589762687683105,880,831,852,825,893,924,882,833
53.692148208618164,879,830,852,825,893,922,882,833
53.793912410736084,877,830,851,826,892,922,881,833
53.89747905731201,877,830,851,826,893,921,879,833
53.99978017807007,877,830,850,822,893,921,880,832
54.101699352264404,879,828,850,824,893,921,881,831
54.20431041717529,878,829,850,823,895,922,880,830
54.3070707321167,878,829,850,826,893,921,879,830
54.40948700904846,878,828,850,823,893,921,882,829
54.50766444206238,880,828,852,824,892,923,879,830
54.60943412780762,878,829,851,824,895,920,879,830
54.712464332580566,877,828,851,825,894,922,879,828
54.81442308425903,879,832,853,824,894,921,879,831
54.916475772857666,878,831,850,825,895,923,879,830
55.01967787742615,882,831,852,824,894,924,880,831
55.1217782497406,881,831,853,826,895,921,883,828
55.22396755218506,881,831,853,825,894,922,881,830
55.32693409919739,882,831,854,826,896,924,882,831
55.429301738739014,882,833,855,827,897,923,882,831
55.531538248062134,882,835,858,828,897,923,882,833
55.634368896484375,883,835,855,828,897,926,884,833
55.73617935180664,885,836,857,830,897,924,886,835
55.838032484054565,884,836,857,830,898,926,886,835
55.940783977508545,885,837,859,829,897,927,885,837
56.042954206466675,885,838,859,832,898,927,886,838
56.14529371261597,885,837,859,831,897,926,888,839
56.24810338020325,887,839,860,831,899,926,887,840
56.35075616836548,889,840,860,833,899,927,888,840
56.452452659606934,890,840,861,833,900,930,892,841
56.55120038986206,888,842,861,833,900,928,890,843
56.653188705444336,888,841,861,832,901,931,890,843
56.7562735080719,886,840,862,831,901,928,891,846
56.85874009132385,886,839,862,832,901,928,891,843
56.960609674453735,887,840,861,831,900,927,892,844
57.06360983848572,887,839,860,831,899,928,891,842
57.16549038887024,886,837,859,830,899,927,891,843
57.267698526382446,884,838,857,828,897,928,889,841
57.370328187942505,882,834,856,827,896,926,888,842
57.473185777664185,881,833,854,825,895,925,886,838
57.57546877861023,880,831,854,824,893,924,885,837
57.67761993408203,880,830,852,822,892,924,884,836
57.78071856498718,878,830,851,823,893,924,885,835
57.88328194618225,878,828,849,824,893,924,884,834
57.98595929145813,881,829,850,821,891,922,882,833
58.08764457702637,879,828,849,820,890,923,881,832
58.18957710266113,877,827,849,819,890,923,882,832
58.29201364517212,877,827,847,820,890,924,881,831
58.394686222076416,876,827,846,818,889,922,880,831
58.49664664268494,876,825,846,818,890,922,879,829
58.59569311141968,876,825,846,816,889,925,879,828
58.69761252403259,876,824,845,815,890,921,877,827
58.80067563056946,875,824,845,816,890,921,876,827
58.90282869338989,876,823,844,816,890,922,875,825
59.0049946308136,876,825,843,816,889,921,875,827
59.1069450378418,876,823,844,815,891,921,875,826
59.20981216430664,875,821,843,817,889,923,876,825
59.31187629699707,875,822,843,815,893,920,875,824
59.4150128364563,876,822,845,815,890,920,875,826
59.51686501502991,876,822,846,818,890,920,876,825
59.619544506073,875,822,846,815,891,921,875,826
59.721823930740356,875,822,847,816,891,921,876,825
59.82488131523132,875,825,847,816,891,921,877,825
59.92693734169006,876,822,847,817,895,921,876,827
60.02876400947571,876,823,847,817,893,921,877,826
60.13163948059082,875,823,849,818,893,922,879,826
60.23416233062744,878,825,847,820,893,923,878,827
60.336568117141724,878,826,849,821,894,924,879,828
60.438740968704224,878,827,853,821,895,923,880,829
60.54098176956177,879,829,852,822,895,923,881,830
60.64002466201782,880,829,853,824,896,925,882,832
60.74222445487976,882,831,854,824,896,925,883,833
60.84429097175598,882,832,854,825,897,925,884,834
60.9463849067688,883,833,855,827,897,924,885,835
61.04909086227417,885,834,855,828,897,927,887,837
61.15178084373474,886,837,858,829,899,927,888,839
61.2537899017334,887,836,860,831,900,927,889,838
61.35661339759827,888,838,860,832,899,928,889,839
61.45874357223511,891,839,862,834,901,928,890,840
61.56097435951233,889,842,862,834,903,928,891,842
61.66316533088684,892,841,865,836,902,929,891,844
61.76590132713318,892,841,866,836,903,929,892,846
61.86810111999512,893,843,865,838,904,929,894,846
61.97091197967529,893,844,865,838,905,930,894,848
62.07392740249634,893,844,866,839,905,932,895,847
62.17514371871948,892,844,866,840,905,933,897,850
62.277459383010864,894,845,867,841,907,932,896,851
62.380253314971924,895,846,867,841,907,935,898,852
62.483115911483765,897,847,868,842,906,931,901,854
62.58495306968689,896,847,868,842,907,933,899,853
62.68411445617676,896,848,868,845,908,932,900,855
62.78642249107361,899,851,869,843,908,933,903,856
62.88830089569092,897,849,871,844,910,934,901,856
62.991365909576416,898,849,871,844,910,933,903,857
63.09322547912598,899,850,870,844,909,935,903,859
63.1956307888031,902,851,870,847,910,934,901,858
63.298139572143555,900,852,872,847,910,933,902,857
63.40026068687439,901,852,871,844,910,935,903,857
63.503151416778564,901,853,871,846,910,935,904,858
63.606116771698,901,853,871,847,910,935,906,859
63.70730495452881,905,853,873,847,912,936,907,860
63.81014657020569,902,853,874,845,911,938,905,859
63.91214203834534,902,854,873,847,912,936,907,860
64.01482057571411,904,856,875,848,912,938,906,860
64.11813187599182,904,855,875,849,912,935,909,861
64.21924638748169,905,859,874,849,912,936,907,860
64.32235407829285,907,857,875,852,913,936,908,861
64.42457628250122,907,858,875,851,912,935,906,860
64.52654695510864,908,859,876,851,913,934,906,862
64.62939286231995,908,859,877,851,911,936,906,861
64.72752475738525,907,862,877,853,913,936,905,860
64.830411195755,909,860,879,853,913,936,908,861
64.93236660957336,909,862,876,853,912,936,906,862
65.03513717651367,910,863,877,854,914,936,907,861
65.13716006278992,910,861,878,854,913,937,908,863
65.24000024795532,911,865,877,855,913,937,908,862
65.34303498268127,911,863,879,855,914,936,907,864
65.44496059417725,911,864,880,856,914,937,909,864
65.5467312335968,911,864,880,857,915,939,909,866
65.64975309371948,913,865,880,856,915,937,909,865
65.75186467170715,912,864,880,857,915,937,910,865
65.85365271568298,912,864,881,858,916,938,909,867
65.95647668838501,912,865,880,858,916,939,911,867
66.05905437469482,912,865,880,857,915,937,910,867
66.16167950630188,910,865,879,858,915,941,911,868
66.26408505439758,914,864,880,857,916,937,910,868
66.36650013923645,910,865,880,858,915,938,911,870
66.46837544441223,911,866,880,858,915,937,911,868
66.57095217704773,910,865,879,858,915,938,910,868
66.67297577857971,910,866,880,861,915,939,910,868
66.772052526474,909,866,880,860,914,938,911,868
66.87419009208679,911,866,880,860,915,939,911,868
66.9775698184967,910,866,880,860,916,939,914,868
67.07935357093811,911,867,882,861,917,938,911,869
67.18183636665344,909,868,883,861,915,940,911,871
67.28409838676453,910,867,881,861,917,937,913,869
67.38591718673706,910,867,883,860,917,940,912,869
67.48896813392639,911,868,882,861,917,941,912,869
67.59084439277649,911,868,882,860,917,939,912,870
67.6931164264679,912,868,882,862,917,940,913,869
67.7963764667511,913,869,883,862,918,939,914,873
67.89804983139038,913,870,883,863,918,940,912,872
68.0008602142334,913,871,883,863,917,942,913,871
68.10293674468994,915,871,884,864,919,939,915,872
68.20510149002075,913,871,884,865,918,942,914,873
68.30741238594055,913,873,884,863,919,940,914,873
68.41019296646118,912,870,885,865,918,941,915,874
68.5122332572937,913,871,884,868,918,941,914,874
68.61503911018372,912,872,885,865,917,942,916,875
68.71717262268066,913,872,885,866,919,941,915,876
68.81613206863403,912,871,886,865,919,943,916,875
68.91832375526428,914,872,883,866,920,941,916,875
69.02104330062866,913,873,885,866,920,941,916,875
69.12316083908081,913,872,886,866,922,942,915,876
69.22517395019531,913,873,886,867,919,941,919,876
69.32832646369934,914,873,886,868,919,941,916,875
69.430344581604,915,873,886,866,923,941,917,876
69.53296279907227,914,873,886,869,921,942,916,876
69.63599109649658,914,874,886,867,919,943,918,877
69.73801612854004,915,874,887,867,920,940,917,876
69.8403251171112,913,874,887,869,923,941,917,876
69.94269442558289,914,874,887,868,920,941,919,878
70.04449152946472,911,873,887,867,919,943,917,878
70.1468358039856,915,873,888,868,919,942,918,877
70.24988079071045,913,874,889,867,920,943,917,877
70.35230851173401,917,874,887,869,920,942,916,877
70.45398807525635,912,876,890,868,919,942,917,878
70.55696606636047,913,874,888,868,920,942,920,878
70.65948677062988,913,875,891,868,919,941,917,879
70.75739645957947,913,875,888,867,920,942,917,877
70.86010551452637,915,875,890,867,921,942,917,878
70.96247959136963,914,876,890,868,919,943,917,877
71.0651466846466,914,876,891,869,920,943,917,877
71.16725301742554,915,876,890,870,921,943,918,878
71.26923203468323,914,877,891,869,920,943,917,877
71.37219786643982,916,877,891,869,919,943,921,877
71.47415137290955,916,878,891,869,921,943,918,877
71.57718348503113,917,879,892,869,923,945,919,878
71.67937469482422,916,879,892,870,921,944,919,878
71.78138089179993,916,881,892,871,922,943,919,880
71.88437986373901,916,879,891,872,923,943,919,881
71.98680019378662,916,883,892,870,922,944,919,879
72.08920478820801,917,880,895,870,922,943,920,880
72.19181966781616,917,880,893,871,922,944,920,881
72.29440975189209,921,881,893,872,923,946,922,880
72.39714288711548,920,880,894,871,921,945,920,882
72.49811363220215,917,883,895,871,922,945,922,882
72.6009669303894,918,882,894,871,924,944,922,883
72.70408010482788,919,882,893,872,926,945,922,882
72.80219841003418,919,882,895,874,923,945,921,883
72.90423679351807,919,882,895,873,923,945,923,881
73.00636553764343,920,882,896,874,923,946,922,883
73.10921239852905,919,882,895,873,926,945,922,883
73.21130394935608,920,882,895,873,927,945,923,883
73.31403708457947,919,884,897,874,923,946,924,884
73.41645741462708,919,884,897,874,924,946,923,885
73.51840662956238,923,883,897,873,923,945,924,883
73.62126231193542,920,887,900,875,924,945,925,885
73.7232677936554,921,885,897,876,925,946,925,884
73.82604789733887,919,884,896,875,924,947,925,885
73.92822575569153,922,886,898,874,927,946,925,885
74.03040266036987,921,886,899,875,926,948,926,885
74.13322305679321,921,886,899,875,927,946,923,887
74.23538255691528,921,886,901,876,925,947,924,886
74.33810424804688,922,887,899,876,925,946,926,885
74.44020867347717,922,886,901,876,924,949,925,886
74.54232335090637,921,888,899,876,925,946,925,889
74.64504981040955,921,888,899,876,925,946,925,887
74.7478837966919,922,887,900,876,923,947,926,885
74.84561109542847,921,889,899,876,926,947,929,886
74.9485297203064,922,888,899,877,926,948,926,887
75.05073928833008,921,888,899,877,925,947,926,888
75.15275931358337,921,887,899,877,926,946,926,887
75.25534534454346,921,887,901,876,925,947,927,887
75.35826063156128,922,887,899,876,926,947,926,886
75.46021485328674,921,887,900,876,928,947,926,886
75.56296849250793,922,887,900,878,926,947,926,886
75.66532945632935,921,889,901,876,925,947,926,888
75.76780843734741,922,887,901,877,926,947,927,887
75.87024307250977,923,889,902,876,925,948,926,887
75.97263860702515,923,889,902,876,925,947,927,886
76.07436871528625,922,887,905,877,926,947,926,889
76.17728877067566,922,891,900,876,925,948,927,888
76.2798342704773,924,889,902,877,925,947,926,888
76.38249588012695,923,888,902,876,927,947,927,887
76.48466324806213,921,889,903,877,925,949,927,889
76.58629608154297,922,890,902,878,926,948,927,890
76.68860578536987,922,889,903,877,926,947,927,889
76.79187989234924,924,889,905,876,926,948,926,887
76.88977026939392,923,891,903,877,927,947,926,889
76.99246621131897,922,889,903,879,926,950,927,890
77.09477353096008,922,889,902,878,928,948,927,892
77.19746041297913,923,891,903,878,926,948,930,891
77.29958438873291,924,893,904,879,926,948,928,894
77.4023449420929,924,893,903,880,927,948,928,891
77.50427436828613,924,892,904,879,927,949,927,892
77.60699081420898,925,892,903,879,926,948,928,893
77.70902252197266,923,892,905,880,927,949,929,892
77.8118839263916,926,892,904,881,926,950,929,895
77.91357040405273,924,893,904,881,927,950,930,892
78.01633787155151,925,894,904,881,927,951,930,892
78.11843490600586,927,894,905,881,927,950,929,895
78.22127628326416,926,895,906,883,929,950,929,893
78.32296204566956,926,895,906,885,929,950,931,896
78.42588114738464,925,894,904,882,928,950,931,895
78.52823448181152,927,895,905,882,929,950,931,896
78.63096499443054,926,896,907,884,929,952,930,894
78.73389840126038,926,896,906,884,928,950,931,894
78.83506035804749,926,895,907,886,929,954,932,895
78.93379664421082,927,896,907,885,929,952,932,898
79.0367820262909,928,897,905,886,930,951,932,895
79.13920998573303,927,897,907,887,930,952,933,894
79.24160313606262,927,897,906,888,930,951,934,896
79.34333109855652,928,897,907,887,932,951,933,895
79.44588875770569,927,897,907,887,931,952,931,895
79.54867577552795,929,899,905,888,933,951,933,897
79.65136098861694,930,898,907,887,932,952,933,896
79.75319576263428,929,898,907,888,930,951,932,895
79.85592222213745,930,899,907,890,931,951,931,896
79.95793223381042,929,900,908,889,932,952,934,896
80.06118392944336,932,899,908,890,932,953,933,896
80.16315460205078,929,899,907,890,931,952,933,897
80.26614880561829,932,900,908,890,931,951,934,896
80.36878228187561,932,901,908,891,931,952,933,897
80.47046709060669,932,901,907,891,933,953,933,898
80.57328176498413,931,901,906,891,931,951,934,897
80.6747944355011,931,901,907,891,933,955,935,896
80.77769804000854,931,901,908,892,932,953,935,897
80.87946128845215,933,900,908,892,935,952,935,896
80.97831702232361,932,902,909,892,933,953,935,897
81.08029222488403,933,902,907,893,934,953,934,896
81.18297529220581,933,902,909,892,934,953,935,896
81.28570055961609,933,901,909,893,934,953,936,897
81.38769578933716,933,901,908,892,933,955,935,899
81.49073767662048,934,902,908,893,933,954,935,898
81.5927746295929,935,902,908,894,933,955,936,900
81.69531106948853,935,902,909,893,935,956,936,897
81.79774832725525,935,903,909,894,934,955,936,897
81.90015244483948,935,902,909,894,936,953,937,899
82.00277495384216,935,902,909,894,936,953,937,899
82.10450911521912,935,902,909,893,935,958,937,900
82.20742964744568,934,904,910,895,936,955,937,899
82.30963063240051,936,904,909,894,936,954,938,899
82.41233587265015,934,904,909,895,935,955,938,900
82.51421093940735,937,903,909,895,935,954,938,900
82.61637377738953,935,902,910,898,936,953,937,900
82.7192792892456,937,904,910,896,936,955,937,900
82.82145857810974,939,903,910,897,936,954,936,900
82.92342615127563,937,904,911,897,936,955,937,900
83.02282524108887,938,904,911,897,937,953,937,901
83.12515306472778,938,904,912,897,937,957,936,901
83.22676277160645,939,905,910,897,937,956,937,902
83.32980012893677,938,906,912,898,939,955,937,900
83.431725025177,939,906,912,898,937,957,938,901
83.53472375869751,938,905,912,899,937,956,938,900
83.63680362701416,939,907,914,898,938,956,937,901
83.73943543434143,942,908,913,899,938,957,938,901
83.84184503555298,939,908,914,898,938,954,939,902
83.94450974464417,939,907,914,898,940,956,937,904
84.04651355743408,941,908,913,899,938,957,939,902
84.1489782333374,940,908,914,900,938,957,939,902
84.25070285797119,940,909,914,902,939,956,939,903
84.35389947891235,940,908,914,901,939,956,938,901
84.45575189590454,941,907,915,900,939,957,940,904
84.55848002433777,943,908,915,902,940,957,941,904
84.66112637519836,942,910,915,902,941,957,940,905
84.76356101036072,942,909,917,901,941,958,940,905
84.86594653129578,943,909,915,902,941,958,940,904
84.96809411048889,943,910,916,903,940,957,940,907
85.06608867645264,944,909,917,902,940,959,941,905
85.16923713684082,943,911,917,902,941,957,942,906
85.27136063575745,943,911,916,904,941,959,942,908
85.3743667602539,944,911,917,904,941,958,944,907
85.47702646255493,944,912,917,904,941,958,942,906
85.578946352005,943,912,916,903,941,958,942,907
85.68115067481995,944,912,917,904,943,959,943,906
85.78361558914185,944,913,920,904,943,961,943,907
85.8857946395874,943,913,917,905,941,956,943,907
85.98793601989746,946,913,918,904,943,959,942,906
86.09065008163452,946,911,917,905,941,959,943,907
86.19285368919373,946,914,918,905,941,958,943,907
86.29570364952087,945,913,918,906,943,959,943,907
86.3976480960846,947,914,917,906,943,958,945,907
86.49973964691162,947,914,919,906,944,958,943,907
86.60272789001465,947,914,919,907,942,959,945,907
86.70523047447205,947,914,919,906,945,957,943,909
86.80745673179626,947,914,920,906,945,960,943,908
86.91004538536072,945,914,917,907,945,960,943,908
87.01231265068054,947,915,919,906,943,960,944,908
87.11028456687927,947,915,918,907,945,959,946,908
87.21344995498657,948,913,919,906,944,961,945,908
87.3154501914978,948,916,919,908,944,959,946,909
87.41777896881104,947,914,920,907,943,959,944,908
87.52076721191406,948,915,919,908,946,961,945,909
87.62230658531189,948,915,919,907,946,960,945,911
87.7247154712677,947,914,921,908,945,960,946,910
87.82751989364624,949,914,920,909,943,961,946,909
87.92955994606018,949,915,919,908,945,960,946,909
88.03247952461243,949,914,920,909,945,963,947,910
88.13431572914124,949,914,919,908,946,961,946,910
88.23683977127075,949,917,920,909,944,960,946,910
88.3392424583435,949,917,919,910,944,960,946,910
88.44182062149048,949,915,920,907,946,963,946,910
88.54414415359497,951,916,920,910,947,960,946,910
88.64700746536255,949,916,920,909,945,962,946,909
88.74904084205627,950,915,921,908,945,960,948,911
88.85105037689209,949,915,921,911,945,960,945,909
88.95415830612183,949,916,920,910,945,962,947,909
89.0563759803772,949,915,919,909,945,961,950,912
89.15491104125977,949,916,919,910,945,960,947,909
89.25728249549866,950,915,920,909,947,961,950,910
89.35915565490723,950,914,920,911,946,961,946,913
89.46205472946167,949,914,920,909,945,960,946,911
89.56481885910034,949,914,919,908,947,962,947,910
89.66684889793396,950,913,919,909,946,962,946,912
89.76867318153381,949,914,918,908,945,961,949,909
89.8717851638794,952,913,920,908,945,960,948,910
89.97429990768433,951,914,920,908,944,960,947,910
90.07618641853333,950,912,918,907,945,961,949,910
90.17841267585754,951,914,919,908,944,962,948,910
90.28144454956055,949,912,919,908,944,961,947,911
90.38339138031006,949,914,918,906,943,962,948,910
90.48623514175415,950,911,918,908,943,961,946,911
90.58865785598755,949,912,919,908,944,962,948,909
90.69106221199036,948,911,920,905,945,960,946,909
90.79346013069153,948,911,918,906,943,961,946,911
90.89529848098755,947,910,918,906,944,961,946,910
90.99819564819336,948,912,917,905,943,960,946,908
91.10046720504761,948,910,917,906,944,962,946,907
91.19867014884949,947,909,916,905,944,960,946,908
91.30093240737915,947,908,916,905,944,959,946,907
91.40380454063416,946,911,917,906,943,959,945,910
91.50661063194275,946,909,915,904,946,959,948,908
91.60830020904541,946,909,919,905,943,958,946,909
91.71112608909607,949,908,915,904,943,959,946,906
91.81299591064453,946,908,916,904,943,959,944,908
91.91541886329651,945,908,916,904,943,959,944,906
92.01821303367615,945,910,917,904,942,959,945,907
92.12025618553162,947,907,917,903,942,959,945,906
92.22344017028809,945,909,916,902,944,958,947,906
92.3254120349884,945,908,915,901,944,958,944,907
92.42774724960327,946,908,913,905,942,961,943,904
